mutations	HDR_SCORE	Function
S2483N	5.09	Normal
L2484H	3.78	Normal
R2488G	2.92	Normal
R2488S	2.96	Normal
D2489Y	4.58	Normal
D2489G	4.89	Normal
I2490T	4.48	Normal
Q2491L	3.42	Normal
Q2491R	3.61	Normal
R2494Q	2.79	Normal
I2495T	3.59	Normal
K2498T	4.28	Normal
K2498E	3.12	Normal
R2502C	5.04	Normal
R2502H	4.94	Normal
V2503D	3.82	Normal
G2508D	1.10	Abnormal
G2508R	1.08	Abnormal
G2508S	3.22	Normal
G2508V	1.10	Abnormal
S2509R	5.47	Normal
S2509N	3.63	Normal
L2510P	1.06	Abnormal
L2512F	4.00	Normal
K2514T	3.18	Normal
T2515I	4.22	Normal
S2516F	3.42	Normal
S2516C	4.32	Normal
T2517I	3.96	Normal
T2517A	4.61	Normal
T2517S	4.29	Normal
L2518V	5.38	Normal
R2520P	3.54	Normal
R2520L	4.15	Normal
R2520Q	4.23	Normal
I2521T	4.09	Normal
S2522F	2.85	Normal
V2527I	4.00	Normal
V2527A	4.64	Normal
P2532H	3.90	Normal
P2532T	3.23	Normal
S2533C	4.64	Normal
L2540M	5.00	Normal
G2544S	4.43	Normal
G2544R	4.26	Normal
G2544D	4.48	Normal
S2554G	3.96	Normal
F2560S	1.17	Abnormal
Q2561P	1.13	Abnormal
Q2561R	4.66	Normal
F2562C	1.32	Abnormal
F2562V	1.08	Abnormal
D2566Y	4.35	Normal
F2568S	3.53	Normal
E2571V	4.94	Normal
E2571G	5.50	Normal
E2571K	5.36	Normal
G2578E	4.42	Normal
L2581W	2.49	intermediate
A2582T	4.65	Normal
G2584D	2.79	Normal
G2584C	3.94	Normal
G2584R	3.54	Normal
G2585R	1.24	Abnormal
L2587F	3.77	Normal
L2587H	1.07	Abnormal
P2589S	3.68	Normal
P2589H	3.77	Normal
G2596R	1.28	Abnormal
G2596E	1.12	Abnormal
G2596V	0.94	Abnormal
E2599K	1.12	Abnormal
E2599G	1.41	Abnormal
F2600C	3.33	Normal
Y2601H	3.40	Normal
R2602T	4.41	Normal
A2603P	1.07	Abnormal
A2603T	5.11	Normal
A2603S	4.06	Normal
L2604P	0.98	Abnormal
D2606N	3.31	Normal
T2607P	0.85	Abnormal
P2608A	3.47	Normal
P2608Q	3.75	Normal
G2609A	3.04	Normal
G2609D	1.76	intermediate
G2609V	1.08	Abnormal
V2610E	1.04	Abnormal
V2610G	1.21	Abnormal
V2610L	1.97	intermediate
V2610A	2.25	intermediate
D2611G	1.62	intermediate
D2611A	3.80	Normal
D2611H	4.47	Normal
P2612T	3.41	Normal
P2612Q	2.95	Normal
L2614P	1.68	intermediate
L2614H	4.49	Normal
L2614R	5.56	Normal
S2616F	1.28	Abnormal
W2619C	1.00	Abnormal
W2619R	1.30	Abnormal
W2619G	1.04	Abnormal
W2619S	0.97	Abnormal
N2622D	1.33	Abnormal
N2622H	2.60	Normal
H2623Y	1.15	Abnormal
H2623R	0.83	Abnormal
Y2624H	1.02	Abnormal
Y2624N	0.93	Abnormal
Y2624D	0.93	Abnormal
R2625I	1.17	Abnormal
R2625K	3.94	Normal
W2626R	1.09	Abnormal
I2627N	1.16	Abnormal
I2627F	1.01	Abnormal
I2627V	3.77	Normal
I2628T	4.10	Normal
K2630Q	0.98	Abnormal
L2631R	1.14	Abnormal
L2631M	4.01	Normal
A2632S	4.08	Normal
A2632G	3.68	Normal
A2632V	2.95	Normal
A2632T	3.52	Normal
M2634K	3.44	Normal
M2634T	3.72	Normal
P2639L	2.89	Normal
P2639H	3.50	Normal
P2639A	3.98	Normal
P2639T	3.62	Normal
P2639R	3.41	Normal
K2640R	5.01	Normal
K2640T	4.84	Normal
E2641G	3.41	Normal
F2642S	1.07	Abnormal
F2642C	2.90	Normal
F2642V	2.45	intermediate
F2642L	3.56	Normal
A2643G	5.07	Normal
N2644H	4.54	Normal
N2644K	4.49	Normal
N2644Y	3.56	Normal
N2644D	3.90	Normal
N2644T	4.49	Normal
N2644S	4.81	Normal
R2645G	3.72	Normal
C2646S	3.57	Normal
C2646W	3.39	Normal
L2647R	1.12	Abnormal
L2647Q	1.42	Abnormal
L2647V	4.36	Normal
L2647P	1.00	Abnormal
S2648I	4.72	Normal
P2649S	1.29	Abnormal
E2650V	3.95	Normal
E2650K	4.25	Normal
E2650A	4.18	Normal
E2650G	4.04	Normal
R2651S	4.89	Normal
R2651G	5.06	Normal
R2651T	5.42	Normal
V2652E	1.14	Abnormal
V2652L	3.11	Normal
V2652G	1.14	Abnormal
V2652A	3.54	Normal
L2653H	3.06	Normal
L2653R	1.15	Abnormal
L2653P	0.92	Abnormal
L2654P	1.31	Abnormal
L2654V	4.00	Normal
L2654R	3.77	Normal
L2656Q	0.80	Abnormal
L2656P	1.12	Abnormal
K2657T	1.05	Abnormal
Y2658C	3.74	Normal
Y2658H	3.60	Normal
R2659G	1.47	Abnormal
R2659S	1.00	Abnormal
Y2660D	0.88	Abnormal
D2661H	3.06	Normal
T2662K	4.30	Normal
T2662M	3.89	Normal
E2663K	0.83	Abnormal
I2664M	3.81	Normal
D2665Y	4.08	Normal
D2665G	4.74	Normal
R2669S	5.38	Normal
S2670L	0.98	Abnormal
S2670W	0.92	Abnormal
A2671S	3.64	Normal
I2672V	4.37	Normal
K2673N	3.43	Normal
K2674N	3.00	Normal
I2675V	3.59	Normal
M2676T	5.66	Normal
E2677K	3.01	Normal
R2678G	5.12	Normal
D2679Y	3.88	Normal
D2679G	4.12	Normal
D2680G	3.53	Normal
A2682V	4.15	Normal
K2684E	3.18	Normal
L2686P	0.86	Abnormal
V2687D	1.02	Abnormal
V2687F	1.14	Abnormal
V2687A	4.29	Normal
L2688R	0.82	Abnormal
L2688P	1.00	Abnormal
V2690G	1.11	Abnormal
S2691Y	1.37	Abnormal
S2691F	1.10	Abnormal
I2693K	2.83	Normal
S2695L	4.45	Normal
S2697N	5.39	Normal
S2704F	4.81	Normal
S2705R	4.66	Normal
D2712N	5.19	Normal
D2712V	4.26	Normal
A2717S	4.54	Normal
L2721H	0.92	Abnormal
L2721R	1.01	Abnormal
T2722K	1.00	Abnormal
T2722A	1.39	Abnormal
T2722R	1.08	Abnormal
T2722I	1.24	Abnormal
D2723N	0.89	Abnormal
D2723V	0.98	Abnormal
D2723Y	1.17	Abnormal
D2723A	0.99	Abnormal
D2723H	1.00	Abnormal
D2723G	0.94	Abnormal
G2724V	1.07	Abnormal
G2724W	1.12	Abnormal
W2725L	1.35	Abnormal
Y2726C	1.36	Abnormal
Y2726F	1.35	Abnormal
V2728A	4.49	Normal
V2728I	5.28	Normal
K2729N	3.86	Normal
A2730T	4.15	Normal
A2730P	1.01	Abnormal
A2730V	2.14	intermediate
D2733E	3.45	Normal
D2733G	2.60	Normal
P2735R	4.51	Normal
L2736F	3.44	Normal
G2743C	3.59	Normal
R2744G	5.40	Normal
L2745V	3.35	Normal
V2747I	1.23	Abnormal
G2748D	0.95	Abnormal
G2748S	0.97	Abnormal
I2751S	1.04	Abnormal
L2753P	1.01	Abnormal
G2755V	2.06	intermediate
A2756G	5.18	Normal
A2756T	4.52	Normal
E2757V	4.61	Normal
A2764V	4.65	Normal
C2765Y	4.44	Normal
C2765G	3.41	Normal
P2767R	0.76	Abnormal
P2767L	3.27	Normal
P2767S	3.05	Normal
L2768P	3.93	Normal
L2768H	3.40	Normal
E2769Q	3.97	Normal
A2770D	3.51	Normal
A2770T	3.80	Normal
P2771L	2.81	Normal
S2773C	3.84	Normal
L2774P	3.50	Normal
L2774R	4.41	Normal
L2776I	4.45	Normal
A2780D	1.04	Abnormal
N2781I	1.02	Abnormal
S2782N	4.99	Normal
S2782R	5.34	Normal
R2784W	1.35	Abnormal
P2785L	4.79	Normal
P2785T	4.29	Normal
A2786P	1.23	Abnormal
R2787H	3.97	Normal
R2787C	2.90	Normal
W2788L	1.08	Abnormal
W2788S	1.09	Abnormal
W2788R	1.05	Abnormal
T2790S	4.50	Normal
L2792R	1.07	Abnormal
L2792P	1.10	Abnormal
G2793R	1.18	Abnormal
G2793E	1.09	Abnormal
G2793V	1.16	Abnormal
F2794L	3.56	Normal
P2798S	3.87	Normal
P2798L	4.16	Normal
P2800R	2.25	intermediate
P2800H	2.86	Normal
P2800T	2.94	Normal
P2800S	3.86	Normal
S2806L	4.94	Normal
S2807L	3.04	Normal
S2810G	4.37	Normal
G2812R	2.52	Normal
G2813E	3.16	Normal
V2815I	4.53	Normal
G2816C	4.54	Normal
G2816D	4.19	Normal
C2817F	3.23	Normal
D2819H	1.37	Abnormal
D2819G	1.29	Abnormal
D2819V	1.20	Abnormal
I2821T	3.76	Normal
I2822F	2.58	Normal
R2824G	1.00	Abnormal
R2824T	1.36	Abnormal
Y2826C	1.34	Abnormal
P2827A	3.80	Normal
P2827S	4.61	Normal
Q2829R	5.25	Normal
K2833N	3.00	Normal
S2835P	5.04	Normal
G2837E	2.54	Normal
R2842L	2.44	intermediate
E2847D	3.38	Normal
E2848Q	4.79	Normal
K2849E	4.56	Normal
A2851V	5.03	Normal
E2856A	4.00	Normal
Q2858K	5.23	Normal
Q2858R	4.81	Normal
R2861I	4.00	Normal
L2862Q	3.63	Normal
L2865V	4.45	Normal
I2869N	2.70	Normal
F2873C	3.79	Normal
E2878K	4.87	Normal
R2888C	4.57	Normal
R2892S	4.90	Normal
R2896C	5.78	Normal
L2898S	3.21	Normal
D2900V	3.15	Normal
G2901D	4.25	Normal
G2901V	4.21	Normal
Y2905C	3.63	Normal
Y2905H	3.93	Normal
V2908G	2.53	Normal
A2911E	4.53	Normal
A2911V	4.90	Normal
A2912T	4.35	Normal
D2913G	3.01	Normal
D2913V	3.14	Normal
D2913H	2.94	Normal
D2913E	4.92	Normal
S2922R	4.15	Normal
S2922G	3.94	Normal
L2929W	3.85	Normal
R2933T	5.21	Normal
A2942D	4.38	Normal
I2944F	4.71	Normal
E2947K	4.89	Normal
K2950N	5.41	Normal
A2951T	3.87	Normal
D2965H	5.33	Normal
V2966A	2.91	Normal
V2969M	3.01	Normal
L2972W	2.78	Normal
R2973H	3.09	Normal
R2973C	3.08	Normal
E2981K	4.86	Normal
S2988G	3.97	Normal
R2991H	3.90	Normal
R2991C	4.35	Normal
S2998Y	5.19	Normal
E3002G	0.96	Abnormal
E3002K	1.07	Abnormal
G3003E	1.35	Abnormal
Y3006D	1.06	Abnormal
L3011P	3.12	Normal
T3013I	5.90	Normal
K3015E	3.93	Normal
S3016A	4.49	Normal
S3020C	3.93	Normal
Q3026E	3.06	Normal
A3028P	1.18	Abnormal
A3029V	4.95	Normal
T3030I	4.21	Normal
T3033I	2.32	intermediate
Q3034H	5.80	Normal
Y3035C	4.16	Normal
Y3035S	3.10	Normal
P3039L	4.13	Normal
P3039S	5.42	Normal
I3044V	3.52	Normal
Y3049C	3.32	Normal
Q3050L	4.57	Normal
R3052W	0.97	Abnormal
R3052L	1.04	Abnormal
P3054S	5.07	Normal
S3058G	5.21	Normal
K3059E	4.27	Normal
F3060C	5.58	Normal
P3063S	3.76	Normal
F3065V	4.35	Normal
C3069G	5.37	Normal
C3069F	4.99	Normal
C3069R	3.52	Normal
S3070P	6.31	Normal
S3070F	5.00	Normal
E3071D	4.30	Normal
V3072E	0.97	Abnormal
D3073Y	0.98	Abnormal
D3073G	1.08	Abnormal
L3074P	1.07	Abnormal
G3076E	1.04	Abnormal
G3076V	1.16	Abnormal
G3076R	1.03	Abnormal
V3078F	1.01	Abnormal
V3079I	5.16	Normal
V3081F	0.87	Abnormal
V3081A	3.22	Normal
G3086A	4.73	Normal
A3088V	6.14	Normal
P3089L	1.24	Abnormal
V3091I	4.78	Normal
Y3092C	3.62	Normal
D3095E	0.95	Abnormal
D3095G	1.04	Abnormal
E3096K	4.14	Normal
Y3098H	5.31	Normal
L3101P	0.90	Abnormal
L3101R	1.15	Abnormal
I3107T	5.61	Normal
D3112N	5.67	Normal
D3112Y	3.25	Normal
D3112G	4.52	Normal
I3113T	5.53	Normal
A3122P	1.09	Abnormal
A3122E	1.05	Abnormal
S3123R	4.56	Normal
S3123G	3.72	Normal
N3124K	1.06	Abnormal
N3124I	0.99	Abnormal
N3124H	3.95	Normal
L3125H	0.96	Abnormal
L3125R	0.91	Abnormal
L3125F	1.08	Abnormal
Q3126P	5.33	Normal
Q3126R	5.51	Normal
R3128Q	4.72	Normal
F3146S	1.06	Abnormal
E3152K	4.90	Normal
G3153V	5.14	Normal
D3170G	4.73	Normal
K3179E	4.46	Normal
L3180P	1.37	Abnormal
L3180R	2.93	Normal
I3183V	4.75	Normal
L3184P	3.29	Normal
N3187K	4.60	Normal
W3191C	3.57	Normal
